greater than;≤ to;Rating is;Spread is
-100000;0.499999;D2/D;20.00%
0.5;0.799999;C2/C;17.00%
0.8;1.249999;Ca2/CC;11.78%
1.25;1.499999;Caa/CCC;8.51%
1.5;1.999999;B3/B-;5.24%
2;2.499999;B2/B;3.61%
2.5;2.999999;B1/B+;3.14%
3;3.499999;Ba2/BB;2.21%
3.5;3.9999999;Ba1/BB+;1.74%
4;4.499999;Baa2/BBB;1.47%
4.5;5.999999;A3/A-;1.21%
6;7.499999;A2/A;1.07%
7.5;9.499999;A1/A+;0.92%
9.5;12.499999;Aa2/AA;0.70%
12.5;100000;Aaa/AAA;0.59%
